order_id;customer_id;order_date;shipping_date;delivery_country;delivery_method;return_orders
128;112;2022-04-18;2022-04-20;Czech Republic;Rail transport;12
129;199;2022-04-19;2022-04-21;Czech Republic;Rail transport;12
130;124;2022-04-20;2022-04-22;Turkey;Air freight ;19
131;80;2022-04-21;2022-04-23;France;Sea freight;25
132;108;2022-04-22;2022-04-24;Czech Republic;Rail transport;24
133;181;2022-04-23;2022-04-25;Czech Republic;Rail transport;17
134;82;2022-04-24;2022-04-26;Poland;Road transport;26
135;57;2022-04-25;2022-04-27;France;Sea freight;14
136;86;2022-04-26;2022-04-28;Czech Republic;Rail transport;14
137;92;2022-04-27;2022-04-29;Poland;Road transport;16
138;183;2022-04-28;2022-04-30;Czech Republic;Rail transport;21
139;89;2022-04-29;2022-05-01;Germany;Road transport;26
140;169;2022-04-30;2022-05-02;Turkey;Air freight ;22
141;37;2022-05-01;2022-05-03;Germany;Road transport;18
142;164;2022-05-02;2022-05-04;Portugal;Air freight ;12
143;193;2022-05-03;2022-05-05;Germany;Road transport;23
144;132;2022-05-04;2022-05-06;Turkey;Air freight ;12
145;129;2022-05-05;2022-05-07;Czech Republic;Rail transport;11
146;174;2022-05-06;2022-05-08;Poland;Road transport;11
147;41;2022-05-07;2022-05-09;France;Sea freight;20
148;119;2022-05-08;2022-05-10;Turkey;Air freight ;15
149;30;2022-05-09;2022-05-11;Poland;Road transport;12
150;154;2022-05-10;2022-05-12;Portugal;Air freight ;19
151;164;2022-05-11;2022-05-16;France;Sea freight;15
152;63;2022-05-12;2022-05-17;Portugal;Air freight ;16
153;161;2022-05-13;2022-05-18;Czech Republic;Rail transport;24
154;156;2022-05-14;2022-05-19;France;Sea freight;25
155;119;2022-05-15;2022-05-20;Turkey;Air freight ;25
156;102;2022-05-16;2022-05-21;Poland;Road transport;21
157;20;2022-05-17;2022-05-22;Turkey;Air freight ;22
158;31;2022-05-18;2022-05-23;Poland;Road transport;23
159;136;2022-05-19;2022-05-24;Germany;Road transport;12
160;176;2022-05-20;2022-05-25;Poland;Road transport;17
161;153;2022-05-21;2022-05-26;Czech Republic;Rail transport;24
162;41;2022-05-22;2022-05-27;France;Sea freight;26
163;181;2022-05-23;2022-05-28;Germany;Road transport;23
164;23;2022-05-24;2022-05-29;France;Sea freight;19
165;172;2022-05-25;2022-05-30;Portugal;Air freight ;20
166;71;2022-05-26;2022-05-31;France;Sea freight;23
167;120;2022-05-27;2022-06-01;Turkey;Air freight ;24
168;48;2022-05-28;2022-06-02;Czech Republic;Rail transport;14
169;121;2022-05-29;2022-06-03;Turkey;Air freight ;23
170;163;2022-05-30;2022-06-04;France;Sea freight;22
171;114;2022-05-31;2022-06-05;Turkey;Air freight ;23
172;29;2022-06-01;2022-06-06;France;Sea freight;18
173;110;2022-06-02;2022-06-07;Germany;Road transport;27
174;26;2022-06-03;2022-06-08;Germany;Road transport;26
175;82;2022-06-04;2022-06-09;Poland;Road transport;17
176;188;2022-06-05;2022-06-10;Germany;Road transport;23
177;48;2022-06-06;2022-06-11;Germany;Road transport;24
178;22;2022-06-07;2022-06-12;Germany;Road transport;25
179;197;2022-06-08;2022-06-13;Germany;Road transport;23
180;105;2022-06-09;2022-06-14;Czech Republic;Rail transport;25
181;66;2022-06-10;2022-06-15;Turkey;Air freight ;17
182;47;2022-06-11;2022-06-16;Poland;Road transport;13
183;76;2022-06-12;2022-06-17;Czech Republic;Rail transport;24
184;120;2022-06-13;2022-06-18;Czech Republic;Rail transport;19
185;152;2022-06-14;2022-06-19;Czech Republic;Rail transport;12
186;185;2022-06-15;2022-06-20;Turkey;Air freight ;16
187;37;2022-06-16;2022-06-21;Portugal;Air freight ;27
188;169;2022-06-17;2022-06-22;Portugal;Air freight ;14
189;176;2022-06-18;2022-06-23;Portugal;Air freight ;11
190;45;2022-06-19;2022-06-24;France;Sea freight;16
191;71;2022-06-20;2022-06-25;Turkey;Air freight ;16
192;132;2022-06-21;2022-06-26;Czech Republic;Rail transport;24
193;114;2022-06-22;2022-06-27;Czech Republic;Rail transport;19
194;100;2022-06-23;2022-06-28;Czech Republic;Rail transport;27
195;23;2022-06-24;2022-06-29;Germany;Road transport;21
196;133;2022-06-25;2022-06-30;Poland;Road transport;12
197;72;2022-06-26;2022-07-01;Czech Republic;Rail transport;26
198;34;2022-06-27;2022-07-02;Czech Republic;Rail transport;23
199;162;2022-06-28;2022-07-03;Turkey;Air freight ;14
200;172;2022-06-29;2022-07-04;Turkey;Air freight ;22
201;190;2022-06-30;2022-07-05;Portugal;Air freight ;13
202;171;2022-07-01;2022-07-06;France;Sea freight;16
203;170;2022-07-02;2022-07-07;Poland;Road transport;25
204;158;2022-07-03;2022-07-08;Czech Republic;Rail transport;18
205;101;2022-07-04;2022-07-09;Germany;Road transport;25
206;151;2022-07-05;2022-07-10;France;Sea freight;25
207;48;2022-07-06;2022-07-11;France;Sea freight;24
208;163;2022-07-07;2022-07-12;France;Sea freight;19
209;147;2022-07-08;2022-07-13;Poland;Road transport;17
210;79;2022-07-09;2022-07-14;France;Sea freight;17
211;146;2022-07-10;2022-07-15;Portugal;Air freight ;19
212;72;2022-07-11;2022-07-16;Czech Republic;Rail transport;18
213;117;2022-07-12;2022-07-17;Poland;Road transport;26
214;61;2022-07-13;2022-07-18;Germany;Road transport;21
215;90;2022-07-14;2022-07-19;Poland;Road transport;18
216;34;2022-07-15;2022-07-20;Poland;Road transport;18
217;34;2022-07-16;2022-07-21;France;Sea freight;15
218;22;2022-07-17;2022-07-22;Portugal;Air freight ;24
219;37;2022-07-18;2022-07-23;Turkey;Air freight ;16
220;79;2022-07-19;2022-07-24;Portugal;Air freight ;24
221;190;2022-07-20;2022-07-25;Portugal;Air freight ;26
222;35;2022-07-21;2022-07-26;Poland;Road transport;11
223;194;2022-07-22;2022-07-27;Germany;Road transport;26
224;109;2022-07-23;2022-07-28;Turkey;Air freight ;27
225;150;2022-07-24;2022-07-29;France;Sea freight;20
226;38;2022-07-25;2022-07-30;France;Sea freight;18
227;120;2022-07-26;2022-07-31;France;Sea freight;16
228;97;2022-07-27;2022-08-01;Poland;Road transport;15
229;103;2022-07-28;2022-08-02;Czech Republic;Rail transport;23
230;64;2022-07-29;2022-08-03;France;Sea freight;21
231;184;2022-07-30;2022-08-04;Germany;Road transport;14
232;130;2022-07-31;2022-08-05;Portugal;Air freight ;11
233;27;2022-08-01;2022-08-06;Poland;Road transport;14
234;53;2022-08-02;2022-08-07;Czech Republic;Rail transport;15
235;74;2022-08-03;2022-08-08;Germany;Road transport;21
236;179;2022-08-04;2022-08-09;Germany;Road transport;22
237;178;2022-08-05;2022-08-10;Czech Republic;Rail transport;19
238;172;2022-08-06;2022-08-11;Turkey;Air freight ;13
239;81;2022-08-07;2022-08-12;France;Sea freight;25
240;40;2022-08-08;2022-08-13;France;Sea freight;26
241;183;2022-08-09;2022-08-14;France;Sea freight;26
242;168;2022-08-10;2022-08-15;Czech Republic;Rail transport;14
243;181;2022-08-11;2022-08-16;Poland;Road transport;20
244;113;2022-08-12;2022-08-17;Czech Republic;Rail transport;13
245;148;2022-08-13;2022-08-18;Germany;Road transport;26
246;156;2022-08-14;2022-08-19;France;Sea freight;19
247;46;2022-08-15;2022-08-20;Portugal;Air freight ;23
248;168;2022-08-16;2022-08-21;Portugal;Air freight ;16
249;172;2022-08-17;2022-08-22;Czech Republic;Rail transport;19
250;90;2022-08-18;2022-08-23;Portugal;Air freight ;13
251;43;2022-08-19;2022-08-24;France;Sea freight;26
252;104;2022-08-20;2022-08-25;Germany;Road transport;24
253;103;2022-08-21;2022-08-26;Portugal;Air freight ;14
254;165;2022-08-22;2022-08-27;France;Sea freight;20
255;97;2022-08-23;2022-08-28;Portugal;Air freight ;12
256;134;2022-08-24;2022-08-29;Germany;Road transport;15
257;182;2022-08-25;2022-08-30;Poland;Road transport;17
258;46;2022-08-26;2022-08-31;Portugal;Air freight ;16
259;103;2022-08-27;2022-09-01;France;Sea freight;12
260;124;2022-08-28;2022-09-02;France;Sea freight;27
261;121;2022-08-29;2022-09-03;Germany;Road transport;17
262;159;2022-08-30;2022-09-04;Portugal;Air freight ;25
263;66;2022-08-31;2022-09-05;Portugal;Air freight ;17
264;153;2022-09-01;2022-09-06;Portugal;Air freight ;12
265;135;2022-09-02;2022-09-07;France;Sea freight;21
266;189;2022-09-03;2022-09-08;Czech Republic;Rail transport;27
267;62;2022-09-04;2022-09-09;Poland;Road transport;16
268;131;2022-09-05;2022-09-10;Turkey;Air freight ;21
269;100;2022-09-06;2022-09-11;Turkey;Air freight ;25
270;24;2022-09-07;2022-09-12;Czech Republic;Rail transport;19
271;89;2022-09-08;2022-09-13;Germany;Road transport;21
272;88;2022-09-09;2022-09-14;Portugal;Air freight ;15
273;55;2022-09-10;2022-09-15;Portugal;Air freight ;19
274;94;2022-09-11;2022-09-16;Poland;Road transport;24
275;145;2022-09-12;2022-09-17;France;Sea freight;23
276;151;2022-09-13;2022-09-18;France;Sea freight;18
277;172;2022-09-14;2022-09-19;Czech Republic;Rail transport;14
278;152;2022-09-15;2022-09-20;Portugal;Air freight ;17
279;95;2022-09-16;2022-09-21;Turkey;Air freight ;15
280;20;2022-09-17;2022-09-22;Turkey;Air freight ;16
281;192;2022-09-18;2022-09-23;Turkey;Air freight ;24
282;163;2022-09-19;2022-09-19;France;Sea freight;17
283;141;2022-09-20;2022-09-20;Poland;Road transport;17
284;160;2022-09-21;2022-09-21;France;Sea freight;22
285;26;2022-09-22;2022-09-22;Turkey;Air freight ;26
286;195;2022-09-23;2022-09-23;Poland;Road transport;21
287;63;2022-09-24;2022-09-24;Turkey;Air freight ;21
288;173;2022-09-25;2022-09-25;Czech Republic;Rail transport;13
289;123;2022-09-26;2022-09-26;Germany;Road transport;12
290;130;2022-09-27;2022-09-27;Germany;Road transport;19
291;37;2022-09-28;2022-09-28;Poland;Road transport;16
292;79;2022-09-29;2022-09-29;Germany;Road transport;11
293;150;2022-09-30;2022-09-30;Czech Republic;Rail transport;25
294;196;2022-10-01;2022-10-01;Turkey;Air freight ;26
295;150;2022-10-02;2022-10-02;Czech Republic;Rail transport;25
296;167;2022-10-03;2022-10-03;Czech Republic;Rail transport;26
297;115;2022-10-04;2022-10-04;Turkey;Air freight ;19
298;126;2022-10-05;2022-10-05;France;Sea freight;19
299;123;2022-10-06;2022-10-06;Czech Republic;Rail transport;24
300;99;2022-10-07;2022-10-07;Czech Republic;Rail transport;13
301;196;2022-10-08;2022-10-08;Germany;Road transport;24
302;88;2022-10-09;2022-10-09;Portugal;Air freight ;16
303;49;2022-10-10;2022-10-10;Poland;Road transport;18
304;82;2022-10-11;2022-10-11;Poland;Road transport;22
305;176;2022-10-12;2022-10-12;France;Sea freight;24
306;121;2022-10-13;2022-10-13;Germany;Road transport;16
307;46;2022-10-14;2022-10-14;Portugal;Air freight ;12
308;100;2022-10-15;2022-10-15;Germany;Road transport;24
309;108;2022-10-16;2022-10-16;Poland;Road transport;17
310;35;2022-10-17;2022-10-21;Germany;Road transport;16
311;125;2022-10-18;2022-10-22;Turkey;Air freight ;12
312;190;2022-10-19;2022-10-23;Turkey;Air freight ;19
313;117;2022-10-20;2022-10-24;Germany;Road transport;23
314;146;2022-10-21;2022-10-25;France;Sea freight;27
315;75;2022-10-22;2022-10-26;Germany;Road transport;15
316;74;2022-10-23;2022-10-27;Poland;Road transport;20
317;200;2022-10-24;2022-10-28;Germany;Road transport;17
318;43;2022-10-25;2022-10-29;France;Sea freight;24
319;50;2022-10-26;2022-10-30;Germany;Road transport;12
320;109;2022-10-27;2022-10-31;Germany;Road transport;21
321;32;2022-10-28;2022-11-01;Poland;Road transport;27
322;40;2022-10-29;2022-11-02;Poland;Road transport;11
323;100;2022-10-30;2022-11-03;Portugal;Air freight ;16
324;137;2022-10-31;2022-11-04;Germany;Road transport;18
325;105;2022-11-01;2022-11-05;Poland;Road transport;19
326;183;2022-11-02;2022-11-06;Turkey;Air freight ;19
327;125;2022-11-03;2022-11-07;Portugal;Air freight ;15
328;24;2022-11-04;2022-11-08;Germany;Road transport;22
329;149;2022-11-05;2022-11-09;Turkey;Air freight ;13
330;188;2022-11-06;2022-11-10;Poland;Road transport;13
331;139;2022-11-07;2022-11-11;Czech Republic;Rail transport;16
332;101;2022-11-08;2022-11-12;Portugal;Air freight ;12
333;25;2022-11-09;2022-11-13;France;Sea freight;11
334;75;2022-11-10;2022-11-14;Turkey;Air freight ;11
335;140;2022-11-11;2022-11-15;Poland;Road transport;23
336;97;2022-11-12;2022-11-16;Turkey;Air freight ;21
337;127;2022-11-13;2022-11-17;Germany;Road transport;24
338;183;2022-11-14;2022-11-18;Poland;Road transport;12
339;73;2022-11-15;2022-11-19;Germany;Road transport;12
340;125;2022-11-16;2022-11-20;Germany;Road transport;24
341;22;2022-11-17;2022-11-21;Poland;Road transport;22
342;88;2022-11-18;2022-11-22;Poland;Road transport;15
343;132;2022-11-19;2022-11-23;Poland;Road transport;21
344;77;2022-11-20;2022-11-24;Turkey;Air freight ;19
345;95;2022-11-21;2022-11-25;Poland;Road transport;20
346;172;2022-11-22;2022-11-26;Czech Republic;Rail transport;27
347;158;2022-11-23;2022-11-27;Czech Republic;Rail transport;17
348;113;2022-11-24;2022-11-28;Czech Republic;Rail transport;19
349;46;2022-11-25;2022-11-29;Germany;Road transport;22
350;35;2022-11-26;2022-11-30;Czech Republic;Rail transport;23
351;152;2022-11-27;2022-12-01;Poland;Road transport;18
352;85;2022-11-28;2022-12-02;Portugal;Air freight ;14
353;31;2022-11-29;2022-12-03;France;Sea freight;12
354;30;2022-11-30;2022-12-04;Germany;Road transport;11
355;49;2022-12-01;2022-12-05;Portugal;Air freight ;26
356;165;2022-12-02;2022-12-06;Germany;Road transport;13
357;40;2022-12-03;2022-12-07;Germany;Road transport;12
358;135;2022-12-04;2022-12-08;France;Sea freight;19
359;75;2022-12-05;2022-12-09;Poland;Road transport;23
360;90;2022-12-06;2022-12-10;Germany;Road transport;22
361;30;2022-12-07;2022-12-11;Germany;Road transport;15
362;194;2022-12-08;2022-12-12;Germany;Road transport;24
363;196;2022-12-09;2022-12-13;Turkey;Air freight ;20
364;58;2022-12-10;2022-12-14;Poland;Road transport;21
365;94;2022-12-11;2022-12-15;Germany;Road transport;11
366;34;2022-12-12;2022-12-16;Turkey;Air freight ;16
367;21;2022-12-13;2022-12-17;Czech Republic;Rail transport;25
368;147;2022-12-14;2022-12-18;France;Sea freight;14
369;155;2022-12-15;2022-12-19;France;Sea freight;11
370;63;2022-12-16;2022-12-20;Turkey;Air freight ;25
371;137;2022-12-17;2022-12-21;Turkey;Air freight ;23
372;103;2022-12-18;2022-12-22;Portugal;Air freight ;15
373;173;2022-12-19;2022-12-23;Poland;Road transport;17
374;166;2022-12-20;2022-12-24;Czech Republic;Rail transport;13
375;176;2022-12-21;2022-12-25;Portugal;Air freight ;16
376;36;2022-12-22;2022-12-26;France;Sea freight;25
377;81;2022-12-23;2022-12-27;Poland;Road transport;26
378;117;2022-12-24;2022-12-28;France;Sea freight;18
379;196;2022-12-25;2022-12-29;Poland;Road transport;26
380;167;2022-12-26;2022-12-30;Portugal;Air freight ;17
381;172;2022-12-27;2022-12-31;Portugal;Air freight ;12
382;197;2022-12-28;2023-01-01;France;Sea freight;22
383;134;2022-12-29;2023-01-02;Turkey;Air freight ;15
384;146;2022-12-30;2023-01-03;Portugal;Air freight ;15
385;86;2022-12-31;2023-01-04;Poland;Road transport;21
386;149;2023-01-01;2023-01-05;Czech Republic;Rail transport;15
387;173;2023-01-02;2023-01-06;Germany;Road transport;11
388;128;2023-01-03;2023-01-07;Poland;Road transport;12
389;137;2023-01-04;2023-01-08;France;Sea freight;23
390;69;2023-01-05;2023-01-09;France;Sea freight;20
391;136;2023-01-06;2023-01-10;Germany;Road transport;11
392;60;2023-01-07;2023-01-11;Poland;Road transport;24
393;178;2023-01-08;2023-01-12;Portugal;Air freight ;22
394;170;2023-01-09;2023-01-13;France;Sea freight;13
395;184;2023-01-10;2023-01-14;Turkey;Air freight ;26
396;185;2023-01-11;2023-01-15;France;Sea freight;14
397;66;2023-01-12;2023-01-16;Portugal;Air freight ;21
398;151;2023-01-13;2023-01-17;Portugal;Air freight ;17
399;179;2023-01-14;2023-01-18;Czech Republic;Rail transport;25
400;166;2023-01-15;2023-01-19;Germany;Road transport;14
401;39;2023-01-16;2023-01-20;Germany;Road transport;19
402;156;2023-01-17;2023-01-21;Germany;Road transport;24
403;188;2023-01-18;2023-01-22;Portugal;Air freight ;24
404;73;2023-01-19;2023-01-23;Czech Republic;Rail transport;13
405;113;2023-01-20;2023-01-24;Portugal;Air freight ;17
406;53;2023-01-21;2023-01-25;Portugal;Air freight ;20
407;83;2023-01-22;2023-01-26;Turkey;Air freight ;18
408;129;2023-01-23;2023-01-27;Czech Republic;Rail transport;19
409;167;2023-01-24;2023-01-28;Portugal;Air freight ;22
410;128;2023-01-25;2023-01-29;Poland;Road transport;23
411;105;2023-01-26;2023-01-30;Portugal;Air freight ;20
412;158;2023-01-27;2023-01-31;Czech Republic;Rail transport;25
413;30;2023-01-28;2023-02-01;Poland;Road transport;25
414;69;2023-01-29;2023-02-02;Czech Republic;Rail transport;19
415;114;2023-01-30;2023-02-03;Germany;Road transport;26
416;153;2023-01-31;2023-02-04;Czech Republic;Rail transport;22
417;146;2023-02-01;2023-02-05;Germany;Road transport;25
418;144;2023-02-02;2023-02-06;France;Sea freight;25
419;89;2023-02-03;2023-02-07;France;Sea freight;23
420;95;2023-02-04;2023-02-08;Czech Republic;Rail transport;22
421;185;2023-02-05;2023-02-09;Czech Republic;Rail transport;13
422;155;2023-02-06;2023-02-10;France;Sea freight;23
423;107;2023-02-07;2023-02-11;France;Sea freight;13
424;136;2023-02-08;2023-02-12;Turkey;Air freight ;15
425;170;2023-02-09;2023-02-13;Poland;Road transport;19
426;151;2023-02-10;2023-02-14;France;Sea freight;17
427;167;2023-02-11;2023-02-15;Czech Republic;Rail transport;22
428;100;2023-02-12;2023-02-16;Poland;Road transport;16
429;145;2023-02-13;2023-02-17;Poland;Road transport;19
430;138;2023-02-14;2023-02-18;Germany;Road transport;15
431;111;2023-02-15;2023-02-19;France;Sea freight;12
432;116;2023-02-16;2023-02-20;Czech Republic;Rail transport;18
433;34;2023-02-17;2023-02-21;Czech Republic;Rail transport;12
434;119;2023-02-18;2023-02-22;Poland;Road transport;20
435;145;2023-02-19;2023-02-23;Portugal;Air freight ;24
436;168;2023-02-20;2023-02-24;Turkey;Air freight ;26
437;69;2023-02-21;2023-02-25;Czech Republic;Rail transport;12
438;29;2023-02-22;2023-02-26;Turkey;Air freight ;27
439;151;2023-02-23;2023-02-27;Portugal;Air freight ;24
440;93;2023-02-24;2023-02-28;Turkey;Air freight ;17
441;140;2023-02-25;2023-03-01;Portugal;Air freight ;14
442;84;2023-02-26;2023-03-02;Czech Republic;Rail transport;15
443;105;2023-02-27;2023-03-03;Portugal;Air freight ;15
444;123;2023-02-28;2023-03-04;Portugal;Air freight ;26
445;80;2023-03-01;2023-03-05;Poland;Road transport;15
446;147;2023-03-02;2023-03-06;Germany;Road transport;25
447;197;2023-03-03;2023-03-07;Germany;Road transport;24
448;196;2023-03-04;2023-03-08;Turkey;Air freight ;26
449;131;2023-03-05;2023-03-09;Turkey;Air freight ;22
450;133;2023-03-06;2023-03-10;Poland;Road transport;15
451;122;2023-03-07;2023-03-11;Poland;Road transport;20
452;139;2023-03-08;2023-03-12;Germany;Road transport;19
453;82;2023-03-09;2023-03-13;Poland;Road transport;12
454;191;2023-03-10;2023-03-14;Czech Republic;Rail transport;12
455;156;2023-03-11;2023-03-15;Germany;Road transport;24
456;142;2023-03-12;2023-03-16;Czech Republic;Rail transport;15
457;83;2023-03-13;2023-03-17;Germany;Road transport;21
458;168;2023-03-14;2023-03-18;Turkey;Air freight ;22
459;80;2023-03-15;2023-03-19;Portugal;Air freight ;14
460;118;2023-03-16;2023-03-20;Turkey;Air freight ;17
461;22;2023-03-17;2023-03-21;Turkey;Air freight ;21
462;81;2023-03-18;2023-03-22;Turkey;Air freight ;16
463;70;2023-03-19;2023-03-23;France;Sea freight;13
464;55;2023-03-20;2023-03-24;Czech Republic;Rail transport;18
465;59;2023-03-21;2023-03-25;Poland;Road transport;20
466;166;2023-03-22;2023-03-26;Czech Republic;Rail transport;15
467;29;2023-03-23;2023-03-27;Poland;Road transport;27
468;32;2023-03-24;2023-03-28;Portugal;Air freight ;16
469;163;2023-03-25;2023-03-29;Portugal;Air freight ;25
470;65;2023-03-26;2023-03-30;Czech Republic;Rail transport;22
471;165;2023-03-27;2023-03-31;Turkey;Air freight ;27
472;142;2023-03-28;2023-04-01;Czech Republic;Rail transport;22
473;181;2023-03-29;2023-04-02;Czech Republic;Rail transport;11
474;92;2023-03-30;2023-04-03;Poland;Road transport;24
475;158;2023-03-31;2023-04-04;Portugal;Air freight ;13
476;109;2023-04-01;2023-04-05;France;Sea freight;14
477;169;2023-04-02;2023-04-06;Portugal;Air freight ;12
478;70;2023-04-03;2023-04-07;France;Sea freight;14
479;80;2023-04-04;2023-04-08;Germany;Road transport;15
480;88;2023-04-05;2023-04-09;Germany;Road transport;27
481;43;2023-04-06;2023-04-08;France;Sea freight;21
482;142;2023-04-07;2023-04-09;Portugal;Air freight ;25
483;50;2023-04-08;2023-04-10;Portugal;Air freight ;18
484;180;2023-04-09;2023-04-11;Poland;Road transport;12
485;92;2023-04-10;2023-04-12;Germany;Road transport;12
486;23;2023-04-11;2023-04-13;Poland;Road transport;26
487;53;2023-04-12;2023-04-14;Germany;Road transport;23
488;101;2023-04-13;2023-04-15;Turkey;Air freight ;15
489;45;2023-04-14;2023-04-16;Turkey;Air freight ;25
490;51;2023-04-15;2023-04-17;France;Sea freight;27
491;58;2023-04-16;2023-04-18;Germany;Road transport;12
492;55;2023-04-17;2023-04-19;Poland;Road transport;21
493;101;2023-04-18;2023-04-20;Poland;Road transport;12
494;46;2023-04-19;2023-04-21;Germany;Road transport;20
495;200;2023-04-20;2023-04-22;Portugal;Air freight ;21
496;169;2023-04-21;2023-04-23;France;Sea freight;13
497;100;2023-04-22;2023-04-24;Turkey;Air freight ;18
498;29;2023-04-23;2023-04-25;Germany;Road transport;26
499;106;2023-04-24;2023-04-26;Czech Republic;Rail transport;26
500;91;2023-04-25;2023-04-27;France;Sea freight;16
501;42;2023-04-26;2023-04-28;Czech Republic;Rail transport;23
502;25;2023-04-27;2023-04-29;Germany;Road transport;26
503;57;2023-04-28;2023-04-30;Poland;Road transport;13
504;106;2023-04-29;2023-05-01;France;Sea freight;20
505;48;2023-04-30;2023-05-02;Turkey;Air freight ;17
506;57;2023-05-01;2023-05-03;Turkey;Air freight ;22
507;64;2023-05-02;2023-05-04;Germany;Road transport;24
508;27;2023-05-03;2023-05-05;Poland;Road transport;13
509;198;2023-05-04;2023-05-06;Germany;Road transport;25
510;50;2023-05-05;2023-05-07;France;Sea freight;24
511;102;2023-05-06;2023-05-08;Poland;Road transport;24
512;101;2023-05-07;2023-05-09;Portugal;Air freight ;13
513;111;2023-05-08;2023-05-10;Poland;Road transport;20
514;153;2023-05-09;2023-05-11;Turkey;Air freight ;19
515;83;2023-05-10;2023-05-12;Czech Republic;Rail transport;15
516;110;2023-05-11;2023-05-13;Portugal;Air freight ;24
517;161;2023-05-12;2023-05-14;Poland;Road transport;20
518;65;2023-05-13;2023-05-15;Poland;Road transport;22
519;147;2023-05-14;2023-05-16;France;Sea freight;26
520;90;2023-05-15;2023-05-17;Portugal;Air freight ;17
521;46;2023-05-16;2023-05-18;Turkey;Air freight ;21
522;168;2023-05-17;2023-05-19;Portugal;Air freight ;20
523;105;2023-05-18;2023-05-20;Poland;Road transport;23
524;138;2023-05-19;2023-05-21;Czech Republic;Rail transport;27
525;88;2023-05-20;2023-05-22;Poland;Road transport;19
526;60;2023-05-21;2023-05-23;Turkey;Air freight ;18
527;88;2023-05-22;2023-05-24;Poland;Road transport;26
528;107;2023-05-23;2023-05-25;Turkey;Air freight ;17
529;83;2023-05-24;2023-05-26;Portugal;Air freight ;17
530;134;2023-05-25;2023-05-27;Portugal;Air freight ;22
531;120;2023-05-26;2023-05-28;Portugal;Air freight ;15
532;107;2023-05-27;2023-05-29;Germany;Road transport;18
533;20;2023-05-28;2023-06-04;France;Sea freight;12
534;142;2023-05-29;2023-06-05;Germany;Road transport;24
535;106;2023-05-30;2023-06-06;Portugal;Air freight ;17
536;183;2023-05-31;2023-06-07;Czech Republic;Rail transport;14
537;52;2023-06-01;2023-06-08;Germany;Road transport;15
538;174;2023-06-02;2023-06-09;Turkey;Air freight ;26
539;78;2023-06-03;2023-06-10;Poland;Road transport;27
540;105;2023-06-04;2023-06-11;Germany;Road transport;15
541;139;2023-06-05;2023-06-12;Czech Republic;Rail transport;11
542;23;2023-06-06;2023-06-13;France;Sea freight;25
543;179;2023-06-07;2023-06-14;Czech Republic;Rail transport;16
544;146;2023-06-08;2023-06-15;Czech Republic;Rail transport;15
545;39;2023-06-09;2023-06-16;Germany;Road transport;24
546;180;2023-06-10;2023-06-17;Germany;Road transport;16
547;57;2023-06-11;2023-06-18;Germany;Road transport;24
548;89;2023-06-12;2023-06-19;Poland;Road transport;17
549;165;2023-06-13;2023-06-20;Turkey;Air freight ;14
550;76;2023-06-14;2023-06-21;France;Sea freight;19
551;181;2023-06-15;2023-06-22;Poland;Road transport;11
552;170;2023-06-16;2023-06-23;Poland;Road transport;20
553;28;2023-06-17;2023-06-24;Turkey;Air freight ;20
554;113;2023-06-18;2023-06-25;Portugal;Air freight ;16
555;168;2023-06-19;2023-06-26;Turkey;Air freight ;24
556;28;2023-06-20;2023-06-27;Czech Republic;Rail transport;21
557;185;2023-06-21;2023-06-28;Poland;Road transport;13
558;130;2023-06-22;2023-06-29;Czech Republic;Rail transport;23
559;57;2023-06-23;2023-06-30;France;Sea freight;12
560;197;2023-06-24;2023-07-01;Poland;Road transport;21
561;178;2023-06-25;2023-07-02;Germany;Road transport;25
562;166;2023-06-26;2023-07-03;Portugal;Air freight ;19
563;162;2023-06-27;2023-07-04;Portugal;Air freight ;18
564;165;2023-06-28;2023-07-05;Czech Republic;Rail transport;13
565;194;2023-06-29;2023-07-06;Poland;Road transport;24
566;77;2023-06-30;2023-07-07;France;Sea freight;15
567;59;2023-07-01;2023-07-08;Poland;Road transport;18
568;74;2023-07-02;2023-07-02;France;Sea freight;12
569;108;2023-07-03;2023-07-03;Czech Republic;Rail transport;15
570;196;2023-07-04;2023-07-04;Turkey;Air freight ;20
571;60;2023-07-05;2023-07-05;Portugal;Air freight ;23
572;35;2023-07-06;2023-07-06;Poland;Road transport;16
573;78;2023-07-07;2023-07-07;France;Sea freight;12
574;92;2023-07-08;2023-07-08;Czech Republic;Rail transport;21
575;118;2023-07-09;2023-07-09;Germany;Road transport;16
576;115;2023-07-10;2023-07-10;Czech Republic;Rail transport;24
577;171;2023-07-11;2023-07-11;France;Sea freight;21
578;198;2023-07-12;2023-07-12;Poland;Road transport;15
579;117;2023-07-13;2023-07-13;Germany;Road transport;18
580;191;2023-07-14;2023-07-14;Turkey;Air freight ;21
581;114;2023-07-15;2023-07-15;Czech Republic;Rail transport;17
582;35;2023-07-16;2023-07-16;Poland;Road transport;24
583;156;2023-07-17;2023-07-17;Poland;Road transport;21
584;141;2023-07-18;2023-07-18;France;Sea freight;19
585;174;2023-07-19;2023-07-19;Portugal;Air freight ;11
586;30;2023-07-20;2023-07-20;France;Sea freight;15
587;62;2023-07-21;2023-07-21;Czech Republic;Rail transport;23
588;102;2023-07-22;2023-07-22;Turkey;Air freight ;24
589;21;2023-07-23;2023-07-23;Turkey;Air freight ;19
590;119;2023-07-24;2023-07-24;Turkey;Air freight ;23
591;45;2023-07-25;2023-07-25;Portugal;Air freight ;12
592;199;2023-07-26;2023-07-26;Poland;Road transport;23
593;28;2023-07-27;2023-07-27;Germany;Road transport;23
594;186;2023-07-28;2023-07-28;Portugal;Air freight ;14
595;200;2023-07-29;2023-07-29;Poland;Road transport;19
596;108;2023-07-30;2023-07-30;Czech Republic;Rail transport;15
597;96;2023-07-31;2023-07-31;Poland;Road transport;14
598;146;2023-08-01;2023-08-01;Poland;Road transport;11
599;126;2023-08-02;2023-08-02;Turkey;Air freight ;17
600;98;2023-08-03;2023-08-03;France;Sea freight;14
601;156;2023-08-04;2023-08-04;France;Sea freight;12
602;21;2023-08-05;2023-08-05;Poland;Road transport;22
603;169;2023-08-06;2023-08-06;Czech Republic;Rail transport;20
604;46;2023-08-07;2023-08-07;Portugal;Air freight ;23
605;181;2023-08-08;2023-08-08;Czech Republic;Rail transport;22
606;192;2023-08-09;2023-08-09;Turkey;Air freight ;19
607;72;2023-08-10;2023-08-10;Czech Republic;Rail transport;15
608;195;2023-08-11;2023-08-11;Czech Republic;Rail transport;23
609;54;2023-08-12;2023-08-12;France;Sea freight;12
610;154;2023-08-13;2023-08-13;Germany;Road transport;16
611;121;2023-08-14;2023-08-14;Germany;Road transport;27
612;68;2023-08-15;2023-08-15;Turkey;Air freight ;24
613;46;2023-08-16;2023-08-16;Czech Republic;Rail transport;27
614;101;2023-08-17;2023-08-17;Portugal;Air freight ;11
615;22;2023-08-18;2023-08-18;Czech Republic;Rail transport;18
616;165;2023-08-19;2023-08-19;France;Sea freight;14
617;49;2023-08-20;2023-08-20;Poland;Road transport;20
618;169;2023-08-21;2023-08-21;Turkey;Air freight ;18
619;177;2023-08-22;2023-08-22;Poland;Road transport;27
620;21;2023-08-23;2023-08-23;Poland;Road transport;21
621;56;2023-08-24;2023-08-24;Germany;Road transport;13
622;135;2023-08-25;2023-08-25;Germany;Road transport;27
623;53;2023-08-26;2023-08-26;Czech Republic;Rail transport;21
624;103;2023-08-27;2023-08-27;Turkey;Air freight ;14
625;153;2023-08-28;2023-08-28;Poland;Road transport;24
626;156;2023-08-29;2023-08-29;Germany;Road transport;18
627;108;2023-08-30;2023-08-30;Germany;Road transport;13
628;195;2023-08-31;2023-08-31;France;Sea freight;27
629;112;2023-09-01;2023-09-01;Turkey;Air freight ;13
630;132;2023-09-02;2023-09-02;Turkey;Air freight ;25
631;185;2023-09-03;2023-09-03;France;Sea freight;14
632;121;2023-09-04;2023-09-04;France;Sea freight;22
633;60;2023-09-05;2023-09-05;Poland;Road transport;23
634;149;2023-09-06;2023-09-06;France;Sea freight;17
635;165;2023-09-07;2023-09-07;Czech Republic;Rail transport;23
636;100;2023-09-08;2023-09-08;France;Sea freight;19
637;99;2023-09-09;2023-09-09;Poland;Road transport;14
638;81;2023-09-10;2023-09-10;France;Sea freight;20
639;21;2023-09-11;2023-09-11;Turkey;Air freight ;21
640;181;2023-09-12;2023-09-12;Germany;Road transport;15
641;144;2023-09-13;2023-09-13;France;Sea freight;19
642;197;2023-09-14;2023-09-14;Germany;Road transport;24
643;163;2023-09-15;2023-09-15;Germany;Road transport;16
644;170;2023-09-16;2023-09-16;France;Sea freight;26
645;39;2023-09-17;2023-09-17;Poland;Road transport;22
646;94;2023-09-18;2023-09-18;France;Sea freight;27
647;42;2023-09-19;2023-09-19;Germany;Road transport;26
648;158;2023-09-20;2023-09-20;France;Sea freight;11
649;93;2023-09-21;2023-09-21;Poland;Road transport;22
650;21;2023-09-22;2023-09-22;Germany;Road transport;15
651;160;2023-09-23;2023-09-23;France;Sea freight;21
652;20;2023-09-24;2023-09-24;Turkey;Air freight ;25
653;31;2023-09-25;2023-09-25;Poland;Road transport;13
654;114;2023-09-26;2023-09-26;Czech Republic;Rail transport;12
655;81;2023-09-27;2023-09-27;Czech Republic;Rail transport;23
656;83;2023-09-28;2023-09-28;Poland;Road transport;20
657;55;2023-09-29;2023-09-29;Czech Republic;Rail transport;13
658;95;2023-09-30;2023-09-30;Poland;Road transport;11
659;167;2023-10-01;2023-10-01;Czech Republic;Rail transport;15
660;163;2023-10-02;2023-10-02;Czech Republic;Rail transport;14
661;149;2023-10-03;2023-10-03;Turkey;Air freight ;17
662;194;2023-10-04;2023-10-04;France;Sea freight;21
663;31;2023-10-05;2023-10-05;France;Sea freight;17
664;141;2023-10-06;2023-10-06;Turkey;Air freight ;16
665;116;2023-10-07;2023-10-07;Turkey;Air freight ;24
666;149;2023-10-08;2023-10-08;Germany;Road transport;22
667;73;2023-10-09;2023-10-09;Turkey;Air freight ;20
668;196;2023-10-10;2023-10-10;Portugal;Air freight ;12
669;29;2023-10-11;2023-10-11;Czech Republic;Rail transport;15
670;45;2023-10-12;2023-10-12;France;Sea freight;12
671;54;2023-10-13;2023-10-13;Portugal;Air freight ;14
672;196;2023-10-14;2023-10-14;Poland;Road transport;15
673;45;2023-10-15;2023-10-15;Germany;Road transport;22
674;36;2023-10-16;2023-10-16;Turkey;Air freight ;13
675;140;2023-10-17;2023-10-17;France;Sea freight;24
676;95;2023-10-18;2023-10-18;Turkey;Air freight ;14
677;61;2023-10-19;2023-10-19;Poland;Road transport;23
678;179;2023-10-20;2023-10-20;Germany;Road transport;27
679;143;2023-10-21;2023-10-21;Portugal;Air freight ;19
680;143;2023-10-22;2023-10-22;Czech Republic;Rail transport;24
681;179;2023-10-23;2023-10-23;Czech Republic;Rail transport;26
682;97;2023-10-24;2023-10-24;Turkey;Air freight ;19
683;96;2023-10-25;2023-10-25;Poland;Road transport;27
684;114;2023-10-26;2023-10-26;Czech Republic;Rail transport;14
685;124;2023-10-27;2023-10-27;Portugal;Air freight ;27
686;130;2023-10-28;2023-10-28;Czech Republic;Rail transport;16
687;145;2023-10-29;2023-10-29;Portugal;Air freight ;24
688;146;2023-10-30;2023-10-30;Portugal;Air freight ;17
689;139;2023-10-31;2023-10-31;France;Sea freight;12
690;55;2023-11-01;2023-11-01;Portugal;Air freight ;20
691;140;2023-11-02;2023-11-02;France;Sea freight;18
692;97;2023-11-03;2023-11-03;Czech Republic;Rail transport;17
693;114;2023-11-04;2023-11-04;Portugal;Air freight ;15
694;158;2023-11-05;2023-11-05;Germany;Road transport;16
695;65;2023-11-06;2023-11-06;France;Sea freight;26
696;147;2023-11-07;2023-11-07;Poland;Road transport;21
697;116;2023-11-08;2023-11-08;Germany;Road transport;19
698;97;2023-11-09;2023-11-09;Poland;Road transport;22
699;84;2023-11-10;2023-11-10;France;Sea freight;18
700;104;2023-11-11;2023-11-11;Germany;Road transport;22
701;105;2023-11-12;2023-11-12;Portugal;Air freight ;12
702;139;2023-11-13;2023-11-13;Poland;Road transport;16
703;65;2023-11-14;2023-11-14;Turkey;Air freight ;27
704;69;2023-11-15;2023-11-15;Czech Republic;Rail transport;11
705;27;2023-11-16;2023-11-16;Portugal;Air freight ;13
706;161;2023-11-17;2023-11-17;Portugal;Air freight ;25
707;53;2023-11-18;2023-11-18;Germany;Road transport;27
708;159;2023-11-19;2023-11-19;Czech Republic;Rail transport;19
709;82;2023-11-20;2023-11-20;France;Sea freight;15
710;88;2023-11-21;2023-11-21;Poland;Road transport;26
711;187;2023-11-22;2023-11-22;France;Sea freight;13
712;72;2023-11-23;2023-11-23;Portugal;Air freight ;21
713;126;2023-11-24;2023-11-24;Turkey;Air freight ;24
714;140;2023-11-25;2023-11-25;Poland;Road transport;25
715;102;2023-11-26;2023-11-26;France;Sea freight;14
716;103;2023-11-27;2023-11-27;Turkey;Air freight ;19
717;94;2023-11-28;2023-11-28;France;Sea freight;25
718;130;2023-11-29;2023-11-29;Poland;Road transport;25
719;117;2023-11-30;2023-11-30;Portugal;Air freight ;21
720;118;2023-12-01;2023-12-01;Portugal;Air freight ;25
721;188;2023-12-02;2023-12-02;Czech Republic;Rail transport;19
722;177;2023-12-03;2023-12-03;France;Sea freight;16
723;163;2023-12-04;2023-12-04;Czech Republic;Rail transport;24
724;121;2023-12-05;2023-12-05;Turkey;Air freight ;15
725;113;2023-12-06;2023-12-06;France;Sea freight;26
726;136;2023-12-07;2023-12-07;Portugal;Air freight ;14
727;152;2023-12-08;2023-12-08;France;Sea freight;21
728;196;2023-12-09;2023-12-09;Czech Republic;Rail transport;19
729;134;2023-12-10;2023-12-10;Portugal;Air freight ;24
730;157;2023-12-11;2023-12-11;Portugal;Air freight ;21
731;38;2023-12-12;2023-12-12;France;Sea freight;13
732;96;2023-12-13;2023-12-13;Poland;Road transport;25
733;142;2023-12-14;2023-12-14;Poland;Road transport;24
734;53;2023-12-15;2023-12-15;Czech Republic;Rail transport;11
735;130;2023-12-16;2023-12-16;Germany;Road transport;20
736;93;2023-12-17;2023-12-17;Poland;Road transport;26
737;61;2023-12-18;2023-12-18;Portugal;Air freight ;22
738;105;2023-12-19;2023-12-19;Portugal;Air freight ;17
739;114;2023-12-20;2023-12-20;France;Sea freight;18
740;192;2023-12-21;2023-12-21;Turkey;Air freight ;25
741;30;2023-12-22;2023-12-22;Czech Republic;Rail transport;27
742;74;2023-12-23;2023-12-23;Germany;Road transport;17
743;181;2023-12-24;2023-12-24;Portugal;Air freight ;21
744;168;2023-12-25;2023-12-25;France;Sea freight;23
745;122;2023-12-26;2023-12-26;Germany;Road transport;27
746;64;2023-12-27;2023-12-27;Turkey;Air freight ;18
747;137;2023-12-28;2023-12-28;Turkey;Air freight ;22
748;156;2023-12-29;2023-12-29;Czech Republic;Rail transport;23
749;154;2023-12-30;2023-12-30;Poland;Road transport;17
750;60;2023-12-31;2023-12-31;Poland;Road transport;18
751;34;2024-01-01;2024-01-01;Poland;Road transport;19
752;142;2024-01-02;2024-01-02;France;Sea freight;11
753;74;2024-01-03;2024-01-03;France;Sea freight;11
754;113;2024-01-04;2024-01-04;Germany;Road transport;13
755;95;2024-01-05;2024-01-05;Poland;Road transport;15
756;123;2024-01-06;2024-01-06;France;Sea freight;14
757;148;2024-01-07;2024-01-07;Portugal;Air freight ;11
758;80;2024-01-08;2024-01-08;France;Sea freight;15
759;166;2024-01-09;2024-01-09;Germany;Road transport;19
760;181;2024-01-10;2024-01-10;Portugal;Air freight ;18
761;156;2024-01-11;2024-01-11;Turkey;Air freight ;20
762;124;2024-01-12;2024-01-12;France;Sea freight;20
763;99;2024-01-13;2024-01-13;Poland;Road transport;11
764;109;2024-01-14;2024-01-14;Germany;Road transport;12
765;61;2024-01-15;2024-01-15;Poland;Road transport;17
766;51;2024-01-16;2024-01-16;Turkey;Air freight ;20
767;36;2024-01-17;2024-01-17;Czech Republic;Rail transport;13
768;150;2024-01-18;2024-01-18;Germany;Road transport;21
769;78;2024-01-19;2024-01-19;Poland;Road transport;27
770;131;2024-01-20;2024-01-20;Turkey;Air freight ;19
771;181;2024-01-21;2024-01-21;France;Sea freight;17
772;45;2024-01-22;2024-01-22;Poland;Road transport;24
773;146;2024-01-23;2024-01-23;France;Sea freight;21
774;89;2024-01-24;2024-01-24;Poland;Road transport;11
775;167;2024-01-25;2024-01-25;Poland;Road transport;18
776;166;2024-01-26;2024-01-26;Poland;Road transport;26
777;165;2024-01-27;2024-01-27;Czech Republic;Rail transport;12
778;53;2024-01-28;2024-01-28;Poland;Road transport;19
779;79;2024-01-29;2024-01-29;Germany;Road transport;26
780;123;2024-01-30;2024-01-30;Portugal;Air freight ;22
781;36;2024-01-31;2024-01-31;France;Sea freight;24
782;45;2024-02-01;2024-02-01;France;Sea freight;13
783;94;2024-02-02;2024-02-02;Portugal;Air freight ;23
784;55;2024-02-03;2024-02-03;France;Sea freight;15
785;190;2024-02-04;2024-02-04;Poland;Road transport;19
786;87;2024-02-05;2024-02-05;Poland;Road transport;22
787;83;2024-02-06;2024-02-06;France;Sea freight;17
788;180;2024-02-07;2024-02-07;Portugal;Air freight ;17
789;160;2024-02-08;2024-02-08;Turkey;Air freight ;12
790;55;2024-02-09;2024-02-09;Germany;Road transport;27
791;141;2024-02-10;2024-02-10;Portugal;Air freight ;25
792;169;2024-02-11;2024-02-11;Turkey;Air freight ;18
793;90;2024-02-12;2024-02-12;Germany;Road transport;25
794;167;2024-02-13;2024-02-13;Czech Republic;Rail transport;14
795;160;2024-02-14;2024-02-14;Poland;Road transport;11
796;178;2024-02-15;2024-02-15;Turkey;Air freight ;18
797;22;2024-02-16;2024-02-16;France;Sea freight;18
798;153;2024-02-17;2024-02-17;France;Sea freight;26
799;107;2024-02-18;2024-02-18;Portugal;Air freight ;18
800;136;2024-02-19;2024-02-19;Turkey;Air freight ;23
801;84;2024-02-20;2024-02-20;Portugal;Air freight ;18
802;83;2024-02-21;2024-02-21;Poland;Road transport;18
803;119;2024-02-22;2024-02-22;Turkey;Air freight ;19
804;168;2024-02-23;2024-02-23;Turkey;Air freight ;27
805;123;2024-02-24;2024-02-24;Germany;Road transport;15
806;62;2024-02-25;2024-02-25;Turkey;Air freight ;19
807;110;2024-02-26;2024-02-26;Portugal;Air freight ;21
808;33;2024-02-27;2024-02-27;Czech Republic;Rail transport;21
809;177;2024-02-28;2024-02-28;Turkey;Air freight ;27
810;71;2024-02-29;2024-02-29;Poland;Road transport;11
811;55;2024-03-01;2024-03-01;France;Sea freight;23
812;148;2024-03-02;2024-03-02;Czech Republic;Rail transport;20
813;160;2024-03-03;2024-03-03;Czech Republic;Rail transport;13
814;184;2024-03-04;2024-03-04;Poland;Road transport;27
815;170;2024-03-05;2024-03-05;Turkey;Air freight ;13
816;147;2024-03-06;2024-03-06;Germany;Road transport;16
817;135;2024-03-07;2024-03-07;France;Sea freight;15
818;38;2024-03-08;2024-03-08;Turkey;Air freight ;17
819;119;2024-03-09;2024-03-09;Portugal;Air freight ;27
820;58;2024-03-10;2024-03-10;Germany;Road transport;20
821;25;2024-03-11;2024-03-11;Germany;Road transport;15
822;76;2024-03-12;2024-03-12;Poland;Road transport;24
823;187;2024-03-13;2024-03-13;Poland;Road transport;20
824;90;2024-03-14;2024-03-14;Portugal;Air freight ;17
825;137;2024-03-15;2024-03-15;Portugal;Air freight ;11
826;22;2024-03-16;2024-03-16;France;Sea freight;15
827;99;2024-03-17;2024-03-17;Germany;Road transport;25
828;190;2024-03-18;2024-03-18;France;Sea freight;11
829;171;2024-03-19;2024-03-19;Poland;Road transport;21
830;99;2024-03-20;2024-03-20;Turkey;Air freight ;26
831;163;2024-03-21;2024-03-21;Germany;Road transport;19
832;84;2024-03-22;2024-03-22;Poland;Road transport;19
833;38;2024-03-23;2024-03-23;Czech Republic;Rail transport;23
834;170;2024-03-24;2024-03-24;Poland;Road transport;21
835;55;2024-03-25;2024-03-25;Czech Republic;Rail transport;13
836;45;2024-03-26;2024-03-26;Germany;Road transport;11
837;60;2024-03-27;2024-03-27;Czech Republic;Rail transport;21
838;166;2024-03-28;2024-03-28;Germany;Road transport;25
839;54;2024-03-29;2024-03-29;Poland;Road transport;24
840;89;2024-03-30;2024-03-30;Poland;Road transport;23
841;153;2024-03-31;2024-03-31;Germany;Road transport;17
842;199;2024-04-01;2024-04-01;Germany;Road transport;15
843;143;2024-04-02;2024-04-02;Germany;Road transport;21
844;79;2024-04-03;2024-04-03;Portugal;Air freight ;13
845;160;2024-04-04;2024-04-04;Turkey;Air freight ;14
846;193;2024-04-05;2024-04-05;Germany;Road transport;20
847;159;2024-04-06;2024-04-06;Czech Republic;Rail transport;25
848;181;2024-04-07;2024-04-07;Turkey;Air freight ;22
849;132;2024-04-08;2024-04-08;Poland;Road transport;20
850;59;2024-04-09;2024-04-09;Germany;Road transport;25
851;162;2024-04-10;2024-04-10;Turkey;Air freight ;19
852;182;2024-04-11;2024-04-11;Germany;Road transport;14
853;131;2024-04-12;2024-04-12;Turkey;Air freight ;11
854;163;2024-04-13;2024-04-13;Turkey;Air freight ;11
855;70;2024-04-14;2024-04-14;France;Sea freight;24
856;162;2024-04-15;2024-04-15;France;Sea freight;19
857;166;2024-04-16;2024-04-16;France;Sea freight;14
858;97;2024-04-17;2024-04-17;Czech Republic;Rail transport;15
859;164;2024-04-18;2024-04-18;France;Sea freight;12
860;84;2024-04-19;2024-04-19;Turkey;Air freight ;12
861;125;2024-04-20;2024-04-20;Czech Republic;Rail transport;21
862;64;2024-04-21;2024-04-21;Portugal;Air freight ;17
863;30;2024-04-22;2024-04-22;Turkey;Air freight ;27
864;156;2024-04-23;2024-04-23;Poland;Road transport;22
865;22;2024-04-24;2024-04-24;France;Sea freight;27
866;138;2024-04-25;2024-04-25;Czech Republic;Rail transport;11
867;143;2024-04-26;2024-04-26;Germany;Road transport;25
868;36;2024-04-27;2024-04-27;Turkey;Air freight ;12
869;48;2024-04-28;2024-04-28;Germany;Road transport;20
870;151;2024-04-29;2024-04-29;Portugal;Air freight ;26
871;35;2024-04-30;2024-04-30;Germany;Road transport;13
872;171;2024-05-01;2024-05-01;Czech Republic;Rail transport;25
873;81;2024-05-02;2024-05-02;Turkey;Air freight ;18
874;195;2024-05-03;2024-05-03;Czech Republic;Rail transport;21
875;196;2024-05-04;2024-05-04;France;Sea freight;20
876;91;2024-05-05;2024-05-05;Czech Republic;Rail transport;21
877;25;2024-05-06;2024-05-06;Turkey;Air freight ;17
878;21;2024-05-07;2024-05-07;Czech Republic;Rail transport;12
879;177;2024-05-08;2024-05-08;Portugal;Air freight ;12
880;22;2024-05-09;2024-05-09;France;Sea freight;16
881;165;2024-05-10;2024-05-10;Turkey;Air freight ;21
882;77;2024-05-11;2024-05-11;France;Sea freight;12
883;88;2024-05-12;2024-05-12;Czech Republic;Rail transport;11
884;149;2024-05-13;2024-05-13;Poland;Road transport;19
885;72;2024-05-14;2024-05-14;Portugal;Air freight ;27
886;60;2024-05-15;2024-05-15;Germany;Road transport;12
887;40;2024-05-16;2024-05-16;Poland;Road transport;15
888;76;2024-05-17;2024-05-17;Czech Republic;Rail transport;26
889;153;2024-05-18;2024-05-18;Turkey;Air freight ;25
890;150;2024-05-19;2024-05-19;Portugal;Air freight ;14
891;128;2024-05-20;2024-05-20;France;Sea freight;17
892;75;2024-05-21;2024-05-21;Germany;Road transport;19
893;146;2024-05-22;2024-05-22;Poland;Road transport;26
894;135;2024-05-23;2024-05-23;Poland;Road transport;18
895;138;2024-05-24;2024-05-24;Portugal;Air freight ;16
896;86;2024-05-25;2024-05-25;Poland;Road transport;27
897;182;2024-05-26;2024-05-26;Czech Republic;Rail transport;21
898;65;2024-05-27;2024-05-27;France;Sea freight;22
899;119;2024-05-28;2024-05-28;Turkey;Air freight ;12
900;21;2024-05-29;2024-05-29;Czech Republic;Rail transport;25
901;149;2024-05-30;2024-05-30;Czech Republic;Rail transport;22
902;97;2024-05-31;2024-05-31;Germany;Road transport;18
903;44;2024-06-01;2024-06-01;Turkey;Air freight ;19
904;194;2024-06-02;2024-06-02;Portugal;Air freight ;14
905;65;2024-06-03;2024-06-03;Portugal;Air freight ;20
906;162;2024-06-04;2024-06-04;Germany;Road transport;23
907;66;2024-06-05;2024-06-05;Germany;Road transport;26
908;174;2024-06-06;2024-06-06;France;Sea freight;13
909;115;2024-06-07;2024-06-07;Germany;Road transport;11
910;103;2024-06-08;2024-06-08;Germany;Road transport;15
911;55;2024-06-09;2024-06-09;Portugal;Air freight ;20
912;75;2024-06-10;2024-06-10;France;Sea freight;25
913;23;2024-06-11;2024-06-11;Portugal;Air freight ;17
914;184;2024-06-12;2024-06-12;France;Sea freight;19
915;94;2024-06-13;2024-06-13;Germany;Road transport;12
916;67;2024-06-14;2024-06-14;Czech Republic;Rail transport;22
917;197;2024-06-15;2024-06-15;France;Sea freight;26
918;81;2024-06-16;2024-06-16;Czech Republic;Rail transport;11
919;160;2024-06-17;2024-06-17;Poland;Road transport;11
920;32;2024-06-18;2024-06-18;France;Sea freight;24
921;129;2024-06-19;2024-06-19;Czech Republic;Rail transport;24
922;91;2024-06-20;2024-06-20;France;Sea freight;22
923;155;2024-06-21;2024-06-21;Turkey;Air freight ;15
924;109;2024-06-22;2024-06-22;Czech Republic;Rail transport;16
925;109;2024-06-23;2024-06-23;France;Sea freight;24
926;174;2024-06-24;2024-06-24;France;Sea freight;25
927;49;2024-06-25;2024-06-25;Czech Republic;Rail transport;25
928;119;2024-06-26;2024-06-26;Turkey;Air freight ;25
929;61;2024-06-27;2024-06-27;Turkey;Air freight ;18
930;59;2024-06-28;2024-06-28;Czech Republic;Rail transport;16
931;58;2024-06-29;2024-06-29;Turkey;Air freight ;12
932;88;2024-06-30;2024-06-30;Czech Republic;Rail transport;27
933;104;2024-07-01;2024-07-01;Poland;Road transport;21
934;56;2024-07-02;2024-07-02;Poland;Road transport;13
935;26;2024-07-03;2024-07-03;France;Sea freight;14
936;116;2024-07-04;2024-07-04;France;Sea freight;13
937;75;2024-07-05;2024-07-05;Portugal;Air freight ;18
938;101;2024-07-06;2024-07-06;Turkey;Air freight ;24
939;62;2024-07-07;2024-07-07;Poland;Road transport;21
940;167;2024-07-08;2024-07-08;Germany;Road transport;18
941;25;2024-07-09;2024-07-09;Germany;Road transport;13
942;197;2024-07-10;2024-07-10;Czech Republic;Rail transport;26
943;60;2024-07-11;2024-07-11;Poland;Road transport;21
944;153;2024-07-12;2024-07-12;Poland;Road transport;25
945;119;2024-07-13;2024-07-13;Poland;Road transport;12
946;63;2024-07-14;2024-07-14;France;Sea freight;17
947;34;2024-07-15;2024-07-15;Portugal;Air freight ;14
948;119;2024-07-16;2024-07-16;Czech Republic;Rail transport;17
949;130;2024-07-17;2024-07-17;Portugal;Air freight ;13
950;186;2024-07-18;2024-07-18;France;Sea freight;12
951;34;2024-07-19;2024-07-19;France;Sea freight;15
952;47;2024-07-20;2024-07-20;Poland;Road transport;27
953;166;2024-07-21;2024-07-21;Portugal;Air freight ;25
954;27;2024-07-22;2024-07-22;Czech Republic;Rail transport;12
955;143;2024-07-23;2024-07-23;Czech Republic;Rail transport;20
956;48;2024-07-24;2024-07-24;Germany;Road transport;23
957;158;2024-07-25;2024-07-25;Poland;Road transport;17
958;120;2024-07-26;2024-07-26;Germany;Road transport;25
959;152;2024-07-27;2024-07-27;Portugal;Air freight ;20
960;63;2024-07-28;2024-07-28;Turkey;Air freight ;16
961;80;2024-07-29;2024-07-29;Germany;Road transport;23
962;134;2024-07-30;2024-07-30;Turkey;Air freight ;18
963;195;2024-07-31;2024-07-31;Czech Republic;Rail transport;11
964;50;2024-08-01;2024-08-01;Czech Republic;Rail transport;22
965;194;2024-08-02;2024-08-02;Poland;Road transport;19
966;75;2024-08-03;2024-08-03;Germany;Road transport;24
967;138;2024-08-04;2024-08-04;France;Sea freight;23
968;54;2024-08-05;2024-08-05;France;Sea freight;24
969;61;2024-08-06;2024-08-06;Portugal;Air freight ;18
970;195;2024-08-07;2024-08-07;Portugal;Air freight ;25
971;27;2024-08-08;2024-08-08;Czech Republic;Rail transport;22
972;40;2024-08-09;2024-08-09;France;Sea freight;26
973;166;2024-08-10;2024-08-10;Germany;Road transport;20
974;144;2024-08-11;2024-08-11;Germany;Road transport;20
975;134;2024-08-12;2024-08-12;France;Sea freight;13
976;86;2024-08-13;2024-08-13;Turkey;Air freight ;11
977;149;2024-08-14;2024-08-14;Poland;Road transport;26
978;28;2024-08-15;2024-08-15;Czech Republic;Rail transport;18
979;122;2024-08-16;2024-08-16;Poland;Road transport;11
980;163;2024-08-17;2024-08-17;Germany;Road transport;11
981;146;2024-08-18;2024-08-18;Germany;Road transport;13
982;154;2024-08-19;2024-08-19;Turkey;Air freight ;22
983;71;2024-08-20;2024-08-20;France;Sea freight;14
984;35;2024-08-21;2024-08-21;Poland;Road transport;16
985;41;2024-08-22;2024-08-22;Germany;Road transport;19
986;62;2024-08-23;2024-08-23;France;Sea freight;13
987;119;2024-08-24;2024-08-24;Czech Republic;Rail transport;27
988;31;2024-08-25;2024-08-25;France;Sea freight;16
989;170;2024-08-26;2024-08-26;Czech Republic;Rail transport;20
990;115;2024-08-27;2024-08-27;Germany;Road transport;27
991;36;2024-08-28;2024-08-28;Germany;Road transport;24
992;147;2024-08-29;2024-08-29;France;Sea freight;26
993;112;2024-08-30;2024-08-30;Portugal;Air freight ;20
994;46;2024-08-31;2024-08-31;Portugal;Air freight ;27
995;86;2024-09-01;2024-09-01;Germany;Road transport;15
996;174;2024-09-02;2024-09-02;Germany;Road transport;16
997;71;2024-09-03;2024-09-03;Germany;Road transport;25
998;193;2024-09-04;2024-09-04;Turkey;Air freight ;24
999;130;2024-09-05;2024-09-05;Poland;Road transport;26
1000;85;2024-09-06;2024-09-06;Poland;Road transport;12
1001;119;2024-09-07;2024-09-07;Czech Republic;Rail transport;13
1002;81;2024-09-08;2024-09-08;Germany;Road transport;23
1003;88;2024-09-09;2024-09-09;Portugal;Air freight ;12
1004;76;2024-09-10;2024-09-10;Turkey;Air freight ;11
1005;138;2024-09-11;2024-09-11;Poland;Road transport;17
1006;109;2024-09-12;2024-09-12;France;Sea freight;19
1007;157;2024-09-13;2024-09-13;Germany;Road transport;17
1008;73;2024-09-14;2024-09-14;Poland;Road transport;20
1009;155;2024-09-15;2024-09-15;Turkey;Air freight ;13
1010;46;2024-09-16;2024-09-16;Poland;Road transport;24
1011;134;2024-09-17;2024-09-17;Poland;Road transport;21
1012;63;2024-09-18;2024-09-18;France;Sea freight;24
1013;62;2024-09-19;2024-09-19;France;Sea freight;12
1014;40;2024-09-20;2024-09-20;Germany;Road transport;13
1015;54;2024-09-21;2024-09-21;France;Sea freight;17
1016;62;2024-09-22;2024-09-22;Portugal;Air freight ;18
1017;35;2024-09-23;2024-09-23;Portugal;Air freight ;27
1018;197;2024-09-24;2024-09-24;Czech Republic;Rail transport;24
1019;97;2024-09-25;2024-09-25;Poland;Road transport;13
1020;68;2024-09-26;2024-09-26;Poland;Road transport;12
1021;65;2024-09-27;2024-09-27;Turkey;Air freight ;24
1022;184;2024-09-28;2024-09-28;Germany;Road transport;25
1023;182;2024-09-29;2024-09-29;Portugal;Air freight ;23
1024;195;2024-09-30;2024-09-30;Turkey;Air freight ;27
1025;120;2024-10-01;2024-10-01;France;Sea freight;13
1026;21;2024-10-02;2024-10-02;France;Sea freight;27
1027;176;2024-10-03;2024-10-03;Turkey;Air freight ;15
1028;86;2024-10-04;2024-10-04;Turkey;Air freight ;13
1029;84;2024-10-05;2024-10-05;Germany;Road transport;22
1030;42;2024-10-06;2024-10-06;France;Sea freight;17
1031;60;2024-10-07;2024-10-07;Czech Republic;Rail transport;21
1032;60;2024-10-08;2024-10-08;Turkey;Air freight ;20
1033;165;2024-10-09;2024-10-09;Turkey;Air freight ;24
1034;197;2024-10-10;2024-10-10;Germany;Road transport;18
1035;81;2024-10-11;2024-10-11;Germany;Road transport;17
1036;76;2024-10-12;2024-10-12;Germany;Road transport;27
1037;111;2024-10-13;2024-10-13;Turkey;Air freight ;26
1038;162;2024-10-14;2024-10-14;Poland;Road transport;14
1039;80;2024-10-15;2024-10-15;Poland;Road transport;15
1040;185;2024-10-16;2024-10-16;Czech Republic;Rail transport;26
1041;105;2024-10-17;2024-10-17;Turkey;Air freight ;26
1042;107;2024-10-18;2024-10-18;Germany;Road transport;24
1043;70;2024-10-19;2024-10-19;Poland;Road transport;13
1044;105;2024-10-20;2024-10-20;France;Sea freight;17
1045;123;2024-10-21;2024-10-21;Germany;Road transport;27
1046;59;2024-10-22;2024-10-22;Portugal;Air freight ;11
1047;76;2024-10-23;2024-10-23;Germany;Road transport;11
1048;47;2024-10-24;2024-10-24;France;Sea freight;22
1049;190;2024-10-25;2024-10-25;Turkey;Air freight ;26
1050;160;2024-10-26;2024-10-26;Germany;Road transport;15
1051;125;2024-10-27;2024-10-27;Czech Republic;Rail transport;25
1052;87;2024-10-28;2024-10-28;Czech Republic;Rail transport;19
1053;24;2024-10-29;2024-10-29;Poland;Road transport;14
1054;81;2024-10-30;2024-10-30;Germany;Road transport;13
1055;170;2024-10-31;2024-10-31;Portugal;Air freight ;22
1056;75;2024-11-01;2024-11-01;Turkey;Air freight ;14
1057;67;2024-11-02;2024-11-02;Portugal;Air freight ;12
1058;158;2024-11-03;2024-11-03;France;Sea freight;26
1059;182;2024-11-04;2024-11-04;Turkey;Air freight ;23
1060;167;2024-11-05;2024-11-05;France;Sea freight;19
1061;57;2024-11-06;2024-11-06;Germany;Road transport;27
1062;21;2024-11-07;2024-11-07;Czech Republic;Rail transport;17
1063;113;2024-11-08;2024-11-08;France;Sea freight;19
1064;190;2024-11-09;2024-11-09;Czech Republic;Rail transport;14
1065;157;2024-11-10;2024-11-10;Germany;Road transport;14
1066;69;2024-11-11;2024-11-11;France;Sea freight;24
1067;53;2024-11-12;2024-11-12;Turkey;Air freight ;24
1068;119;2024-11-13;2024-11-13;France;Sea freight;19
1069;109;2024-11-14;2024-11-14;Portugal;Air freight ;20
1070;139;2024-11-15;2024-11-15;France;Sea freight;11
1071;141;2024-11-16;2024-11-16;Portugal;Air freight ;12
1072;31;2024-11-17;2024-11-17;France;Sea freight;21
1073;163;2024-11-18;2024-11-18;Portugal;Air freight ;27
1074;39;2024-11-19;2024-11-19;France;Sea freight;21
1075;157;2024-11-20;2024-11-20;Portugal;Air freight ;20
1076;20;2024-11-21;2024-11-21;Poland;Road transport;16
1077;62;2024-11-22;2024-11-22;Poland;Road transport;26
1078;36;2024-11-23;2024-11-23;Portugal;Air freight ;17
1079;127;2024-11-24;2024-11-24;Czech Republic;Rail transport;19
1080;177;2024-11-25;2024-11-25;France;Sea freight;11
1081;98;2024-11-26;2024-11-26;Czech Republic;Rail transport;14
1082;193;2024-11-27;2024-11-27;Turkey;Air freight ;18
1083;143;2024-11-28;2024-11-28;Turkey;Air freight ;15
1084;28;2024-11-29;2024-11-29;Poland;Road transport;15
1085;56;2024-11-30;2024-11-30;Czech Republic;Rail transport;23
1086;151;2024-12-01;2024-12-01;Czech Republic;Rail transport;16
1087;136;2024-12-02;2024-12-02;Turkey;Air freight ;20
1088;26;2024-12-03;2024-12-03;Turkey;Air freight ;26
1089;118;2024-12-04;2024-12-04;France;Sea freight;21
1090;150;2024-12-05;2024-12-05;Czech Republic;Rail transport;22
1091;196;2024-12-06;2024-12-06;Germany;Road transport;26
1092;144;2024-12-07;2024-12-07;Turkey;Air freight ;25
1093;124;2024-12-08;2024-12-08;Poland;Road transport;26
1094;46;2024-12-09;2024-12-09;Turkey;Air freight ;16
1095;50;2024-12-10;2024-12-10;Portugal;Air freight ;23
1096;172;2024-12-11;2024-12-11;Poland;Road transport;17
1097;184;2024-12-12;2024-12-12;France;Sea freight;26
1098;39;2024-12-13;2024-12-13;Portugal;Air freight ;11
1099;130;2024-12-14;2024-12-14;Portugal;Air freight ;18
1100;74;2024-12-15;2024-12-15;Germany;Road transport;15
1101;198;2024-12-16;2024-12-16;Czech Republic;Rail transport;17
1102;122;2024-12-17;2024-12-17;Portugal;Air freight ;25
1103;186;2024-12-18;2024-12-18;France;Sea freight;19
1104;22;2024-12-19;2024-12-19;Germany;Road transport;25
1105;37;2024-12-20;2024-12-20;Czech Republic;Rail transport;27
1106;123;2024-12-21;2024-12-21;Poland;Road transport;25
1107;36;2024-12-22;2024-12-22;France;Sea freight;26
1108;131;2024-12-23;2025-01-04;Turkey;Air freight ;25
1109;82;2024-12-24;2025-01-05;Germany;Road transport;24
1110;43;2024-12-25;2025-01-06;Czech Republic;Rail transport;17
1111;157;2024-12-26;2024-12-26;Czech Republic;Rail transport;21
1112;28;2024-12-27;2024-12-27;Czech Republic;Rail transport;26
1113;185;2024-12-28;2024-12-28;Poland;Road transport;20
1114;147;2024-12-29;2024-12-29;Portugal;Air freight ;12
1115;167;2024-12-30;2024-12-30;Portugal;Air freight ;21
1116;127;2024-12-31;2024-12-31;Czech Republic;Rail transport;24
1117;50;2025-01-01;2025-01-01;Poland;Road transport;11
1118;23;2025-01-02;2025-01-02;Poland;Road transport;15
1119;157;2025-01-03;2025-01-03;France;Sea freight;24
1120;108;2025-01-04;2025-01-14;Czech Republic;Rail transport;26
1121;113;2025-01-05;2025-01-05;Germany;Road transport;22
1122;49;2025-01-06;2025-01-06;France;Sea freight;25
1123;36;2025-01-07;2025-01-07;Germany;Road transport;25
1124;64;2025-01-08;2025-01-08;France;Sea freight;26
1125;110;2025-01-09;2025-01-09;France;Sea freight;27
1126;50;2025-01-10;2025-01-10;Portugal;Air freight ;24
1127;93;2025-01-11;2025-01-11;Turkey;Air freight ;11
1128;95;2025-01-12;2025-01-12;France;Sea freight;13
1129;76;2025-01-13;2025-01-13;Czech Republic;Rail transport;24
1130;27;2025-01-14;2025-01-14;Czech Republic;Rail transport;13
